{
  "mean_rmse": 0.8639397025108337,
  "mean_corr": -0.004444763149143125,
  "rmse_per_lead": [
    0.8800747990608215,
    0.879815936088562,
    0.8772807121276855,
    0.8709911108016968,
    0.8683071136474609,
    0.8659789562225342,
    0.8709220290184021,
    0.8567166924476624,
    0.8596277832984924,
    0.8638384938240051,
    0.8593617677688599,
    0.8597067594528198,
    0.8539376258850098,
    0.8629858493804932,
    0.8565686345100403,
    0.8617541790008545,
    0.8646799325942993,
    0.8647005558013916,
    0.8677124381065369,
    0.8556308746337891,
    0.8646861910820007,
    0.860540509223938,
    0.856467068195343,
    0.8522661328315735
  ],
  "corr_per_lead": [
    -0.24562283482443337,
    -0.19756429171525638,
    -0.15011675585795062,
    -0.10802803290021043,
    -0.07077774881976046,
    -0.03946070026746519,
    -0.010069241868043224,
    0.015856006354235407,
    0.036172352538426884,
    0.053136885700579096,
    0.06348164072814019,
    0.06941670730333506,
    0.06831492228094758,
    0.06490611190502096,
    0.05843989020441716,
    0.05092925541880978,
    0.04048765363312948,
    0.03477066325734104,
    0.027914306991079735,
    0.02249569175180966,
    0.020548125281389905,
    0.02295354630833664,
    0.02952818116733792,
    0.035613349849348205
  ]
}