{
  "mean_rmse": 0.7940919995307922,
  "mean_corr": 0.3563570999842911,
  "rmse_per_lead": [
    0.3806649446487427,
    0.4799029231071472,
    0.5820230841636658,
    0.6684874892234802,
    0.7302677631378174,
    0.765053927898407,
    0.7848740220069885,
    0.804711639881134,
    0.8174976706504822,
    0.8276013731956482,
    0.8297095894813538,
    0.8443009853363037,
    0.8569694757461548,
    0.8619131445884705,
    0.8670142889022827,
    0.872816264629364,
    0.8798419833183289,
    0.8810465335845947,
    0.8822360038757324,
    0.883242130279541,
    0.8874428272247314,
    0.8872089385986328,
    0.8905017971992493,
    0.8928799629211426
  ],
  "corr_per_lead": [
    0.8958847026553183,
    0.8253589728443093,
    0.7328153863108531,
    0.6341972218907119,
    0.5490966804171172,
    0.4918747943597012,
    0.44940529516965905,
    0.4031319830729037,
    0.3672011562161211,
    0.33760604900623703,
    0.3111296443638884,
    0.28227269892797086,
    0.24442672070745536,
    0.22478333931314057,
    0.21284673063987108,
    0.21175581950073874,
    0.21847866010111527,
    0.2116143964351618,
    0.20558223778960302,
    0.2001937048532344,
    0.1767716480021264,
    0.15318768971822333,
    0.11845730904442339,
    0.09449755828310166
  ],
  "loss": 0.6423301554106652,
  "best_metric_name": "val_loss",
  "best_metric_mode": "min",
  "best_metric_value": 0.6423301554106652,
  "epoch": 2
}