{
  "mean_rmse": 0.8226470947265625,
  "mean_corr": 0.33293307324374255,
  "rmse_per_lead": [
    0.40188470482826233,
    0.47792255878448486,
    0.5483171343803406,
    0.6032382249832153,
    0.6451722979545593,
    0.7006038427352905,
    0.7545079588890076,
    0.7956662774085999,
    0.8367006182670593,
    0.8628144264221191,
    0.8919209837913513,
    0.9235630035400391,
    0.9498909711837769,
    0.9637883305549622,
    0.9612981677055359,
    0.9616262316703796,
    0.9357597827911377,
    0.9243468046188354,
    0.9505261778831482,
    0.9270011186599731,
    0.9531508088111877,
    0.9284955859184265,
    0.924906313419342,
    0.9204282760620117
  ],
  "corr_per_lead": [
    0.9091816747080823,
    0.8557209168327938,
    0.7833728025442219,
    0.7083582702730885,
    0.645716432876886,
    0.5562313255507416,
    0.46876091262307357,
    0.39387081185649225,
    0.3148148128105711,
    0.2694022140956287,
    0.2168200323334753,
    0.20257907645394743,
    0.16728188596643542,
    0.17055583005202116,
    0.15905982874166513,
    0.1530093236165433,
    0.16192523268024483,
    0.1403651109170428,
    0.1307801595639693,
    0.13037306808925797,
    0.11790311173139034,
    0.12292556444836576,
    0.11250868876477778,
    0.09887667031910499
  ]
}