{
  "mean_rmse": 0.8544571995735168,
  "mean_corr": 0.32930472023883883,
  "rmse_per_lead": [
    0.3751910626888275,
    0.4710530936717987,
    0.5785761475563049,
    0.6395643353462219,
    0.6860191226005554,
    0.7699127197265625,
    0.782413899898529,
    0.8468040823936462,
    0.8807288408279419,
    0.9117560386657715,
    0.957465410232544,
    0.9595275521278381,
    0.9900084733963013,
    0.9878278374671936,
    1.0043063163757324,
    0.9894623160362244,
    0.9685720801353455,
    0.9619650840759277,
    0.9835832715034485,
    0.9593685865402222,
    0.9622830748558044,
    0.9420663714408875,
    0.9520580172538757,
    0.9464594721794128
  ],
  "corr_per_lead": [
    0.9109361084126677,
    0.8504262830794699,
    0.7741162568650648,
    0.6942974919617513,
    0.6201436582130968,
    0.52123397683144,
    0.46122628995137405,
    0.36991880690669166,
    0.3008499721271061,
    0.2662977757183877,
    0.20957201696978728,
    0.20996617068448375,
    0.16778416371278498,
    0.16249940737966015,
    0.15122182021077774,
    0.15647542790615596,
    0.1528241220001197,
    0.134411091564153,
    0.12104577325648612,
    0.136945378645935,
    0.14531702541289798,
    0.13187503881928936,
    0.13029029766893901,
    0.12363893143361282
  ]
}