{
  "mean_rmse": 0.7741799354553223,
  "mean_corr": 0.37999572169791335,
  "rmse_per_lead": [
    0.4383818507194519,
    0.5308567881584167,
    0.6010438799858093,
    0.6602063775062561,
    0.7015511989593506,
    0.7271840572357178,
    0.7557588815689087,
    0.7808511853218079,
    0.7920467853546143,
    0.8003409504890442,
    0.808451235294342,
    0.8240864872932434,
    0.8383388519287109,
    0.8399579524993896,
    0.8443084955215454,
    0.8479875326156616,
    0.8491329550743103,
    0.8495467305183411,
    0.8456985950469971,
    0.8471522927284241,
    0.8453114032745361,
    0.8477646112442017,
    0.8497636914253235,
    0.8545951843261719
  ],
  "corr_per_lead": [
    0.8580911216613314,
    0.7873368396302471,
    0.7123379265056077,
    0.6419721558584062,
    0.581899658269103,
    0.5349682349274545,
    0.47966746030315416,
    0.43371118090782207,
    0.4030232296754859,
    0.38125111824333924,
    0.3524799024008569,
    0.31268007097809564,
    0.29178033717546076,
    0.2779728354127315,
    0.26830425032766547,
    0.25580529560805043,
    0.24116364029564716,
    0.23366313737654995,
    0.22286647695808548,
    0.20542981029729737,
    0.19487886612773322,
    0.1739605870385877,
    0.15014943816166523,
    0.1245037466095432
  ],
  "loss": 0.6043720137565693,
  "best_metric_name": "val_loss",
  "best_metric_mode": "min",
  "best_metric_value": 0.6043720137565693,
  "epoch": 1
}