{
  "mean_rmse": 0.779427707195282,
  "mean_corr": 0.38892450998431394,
  "rmse_per_lead": [
    0.3790557086467743,
    0.464162677526474,
    0.5559391379356384,
    0.628856360912323,
    0.6814290285110474,
    0.725887656211853,
    0.7572211027145386,
    0.7853874564170837,
    0.8124367594718933,
    0.8309186697006226,
    0.8401668667793274,
    0.8467219471931458,
    0.853813886642456,
    0.8564159274101257,
    0.8617072701454163,
    0.8581467866897583,
    0.8601400852203369,
    0.8574191927909851,
    0.8607288599014282,
    0.8648046851158142,
    0.8683803677558899,
    0.8812320828437805,
    0.8866857290267944,
    0.8886048793792725
  ],
  "corr_per_lead": [
    0.9011223819827336,
    0.8475904437032746,
    0.7732621628792967,
    0.6979693730495969,
    0.6287369028165719,
    0.5676094329110106,
    0.5139548249370088,
    0.460690454593727,
    0.4113743196259716,
    0.3687329520472001,
    0.3395112090076875,
    0.31048243764065897,
    0.2721423801626268,
    0.24435743371883986,
    0.22374341313262175,
    0.21693439857283092,
    0.22334669878237656,
    0.22821530266847573,
    0.2258377781824134,
    0.2217342599297958,
    0.20951232181023216,
    0.17119581280972318,
    0.14807355232867941,
    0.12805799233018003
  ],
  "loss": 0.6235428284457389,
  "best_metric_name": "val_loss",
  "best_metric_mode": "min",
  "best_metric_value": 0.6235428284457389,
  "epoch": 5
}