{
  "mean_rmse": 0.8494985699653625,
  "mean_corr": 0.3904202415110574,
  "rmse_per_lead": [
    0.44573506712913513,
    0.4973829984664917,
    0.5649499297142029,
    0.6279659271240234,
    0.677730143070221,
    0.7205910682678223,
    0.7626093626022339,
    0.7948506474494934,
    0.8272172808647156,
    0.8519811630249023,
    0.8803247809410095,
    0.9094622731208801,
    0.9327173829078674,
    0.9548923969268799,
    0.9662333130836487,
    0.9786597490310669,
    0.9865663051605225,
    0.9906039834022522,
    1.000092625617981,
    0.9989979863166809,
    1.0047945976257324,
    1.0054830312728882,
    1.0062673091888428,
    1.0018569231033325
  ],
  "corr_per_lead": [
    0.8771082562690213,
    0.8459330010851744,
    0.7904723106003911,
    0.7264226697656913,
    0.6630150439904661,
    0.6002459749757759,
    0.5357804465960078,
    0.47764399961242543,
    0.4226585997005744,
    0.37699975370949984,
    0.33840620206322125,
    0.30284075703191277,
    0.2761395140589066,
    0.25755144942855845,
    0.24488664256897572,
    0.23589882192832595,
    0.22783973574300506,
    0.21538514678389067,
    0.2040294881640514,
    0.19096920222098007,
    0.17208099705522117,
    0.15006896074599443,
    0.12627955767971627,
    0.11142926448759227
  ],
  "loss": 0.744833711614,
  "best_metric_name": "val_loss",
  "best_metric_mode": "min",
  "best_metric_value": 0.744833711614,
  "epoch": 2
}