{
  "mean_rmse": 1.085662841796875,
  "mean_corr": 0.3388698039362135,
  "rmse_per_lead": [
    0.43674546480178833,
    0.5217761993408203,
    0.6116794347763062,
    0.7110418081283569,
    0.7667720317840576,
    0.8117417097091675,
    0.8636974096298218,
    0.9372442364692688,
    0.9913975596427917,
    1.0875917673110962,
    1.1442276239395142,
    1.1878724098205566,
    1.2172627449035645,
    1.2918676137924194,
    1.305396556854248,
    1.3658638000488281,
    1.3847931623458862,
    1.412367820739746,
    1.400058388710022,
    1.380684733390808,
    1.389047622680664,
    1.3288681507110596,
    1.2851976156234741,
    1.222712755203247
  ],
  "corr_per_lead": [
    0.9133163690923755,
    0.854442492939467,
    0.7869532186091646,
    0.7210889932850492,
    0.6538476113057444,
    0.5807552191669721,
    0.4969691499061476,
    0.42200435908534994,
    0.35104315163721156,
    0.2871992071064549,
    0.24169022089525896,
    0.221920998858518,
    0.18421866216931682,
    0.16877082586182585,
    0.15051729186782753,
    0.14076904822350914,
    0.13280912389766197,
    0.1207727299186884,
    0.11663425671242934,
    0.11898042237104448,
    0.12116781382942883,
    0.11294573417389202,
    0.1177138520124284,
    0.11634454154335806
  ],
  "loss": 1.2619668533062112,
  "best_metric_name": "val_corr",
  "best_metric_mode": "max",
  "best_metric_value": 0.3388698039362135,
  "epoch": 5
}