{
  "mean_rmse": 0.9405971169471741,
  "mean_corr": 0.24745394856553363,
  "rmse_per_lead": [
    0.687010645866394,
    0.7761704921722412,
    0.784805953502655,
    0.8417235612869263,
    0.8908954858779907,
    0.9056534171104431,
    0.9461640119552612,
    0.9518226981163025,
    0.979235053062439,
    0.9690907001495361,
    0.9795207381248474,
    0.9967358708381653,
    0.9965790510177612,
    0.9924924373626709,
    0.9963057041168213,
    1.0144503116607666,
    1.0186693668365479,
    0.9999207854270935,
    1.0031206607818604,
    0.9972517490386963,
    0.9939844608306885,
    0.9655587673187256,
    0.9565227031707764,
    0.930644690990448
  ],
  "corr_per_lead": [
    0.7770476993528637,
    0.6893377793418499,
    0.5926041216803923,
    0.49520348132811576,
    0.4204774724938853,
    0.3533389441717461,
    0.27861223826154863,
    0.24179327153912564,
    0.20212959916087841,
    0.17690160610093866,
    0.15721218469297984,
    0.1394607909573437,
    0.1248278734208422,
    0.11761527909015916,
    0.12040866253280152,
    0.11573699686540129,
    0.11819378470142447,
    0.12672219362333986,
    0.11575284073365628,
    0.12342014730612381,
    0.11891207245683137,
    0.13292555431056707,
    0.11355145187682741,
    0.086708719573165
  ]
}