{
  "mean_rmse": 0.8243040442466736,
  "mean_corr": 0.33930774053208124,
  "rmse_per_lead": [
    0.4766263961791992,
    0.5155787467956543,
    0.5946624279022217,
    0.6447966694831848,
    0.6875983476638794,
    0.7168840765953064,
    0.7640796899795532,
    0.8029189705848694,
    0.8349825739860535,
    0.8504181504249573,
    0.8814342617988586,
    0.8988397121429443,
    0.9357980489730835,
    0.9230010509490967,
    0.9386202692985535,
    0.9447871446609497,
    0.9403144121170044,
    0.9356126189231873,
    0.9353330135345459,
    0.930233895778656,
    0.9154417514801025,
    0.9006693959236145,
    0.8974932432174683,
    0.9171711206436157
  ],
  "corr_per_lead": [
    0.8963913543507767,
    0.8444046460277262,
    0.7742231331809117,
    0.6983938903576372,
    0.6272600147471332,
    0.5673065927164641,
    0.4811421929327376,
    0.40559904694520227,
    0.34055010830703375,
    0.2941461137808831,
    0.24879506858222575,
    0.23581028296775433,
    0.17859390226558822,
    0.17031927496892638,
    0.1560976144883592,
    0.15628629921688295,
    0.1599523765501152,
    0.13893896350310586,
    0.1370107720601778,
    0.13036781451105123,
    0.13664869999964788,
    0.13433201880637202,
    0.12209944536917966,
    0.10871614613405692
  ]
}