{
  "mean_rmse": 0.8252852559089661,
  "mean_corr": 0.3334097235287707,
  "rmse_per_lead": [
    0.5779240131378174,
    0.6273650527000427,
    0.6194161772727966,
    0.6805827617645264,
    0.7115907073020935,
    0.7408061623573303,
    0.7609280347824097,
    0.7903958559036255,
    0.8199347853660583,
    0.8440557718276978,
    0.8614354729652405,
    0.8842855095863342,
    0.9035294651985168,
    0.9234699606895447,
    0.9346912503242493,
    0.9183753132820129,
    0.937641978263855,
    0.9324179887771606,
    0.9083077907562256,
    0.8986670970916748,
    0.9092454314231873,
    0.8874329328536987,
    0.8696187138557434,
    0.8647294044494629
  ],
  "corr_per_lead": [
    0.8820643403619174,
    0.8286393639006961,
    0.7586116403748988,
    0.6833626141461876,
    0.612617396505929,
    0.524316928653386,
    0.448398944959786,
    0.37500351640104457,
    0.3092375604616963,
    0.26578732575591585,
    0.21458475143498237,
    0.19904454351670348,
    0.17252071240462297,
    0.15969462257580072,
    0.1631827171018393,
    0.16867814372766923,
    0.1651796494057603,
    0.14870989967588044,
    0.15682613212082033,
    0.16475948050216851,
    0.17086617817979755,
    0.15698510470438065,
    0.13983915453993892,
    0.1329226432786739
  ]
}