{
  "mean_rmse": 0.813891589641571,
  "mean_corr": 0.429180667535262,
  "rmse_per_lead": [
    0.4316299259662628,
    0.49793335795402527,
    0.568203866481781,
    0.6318018436431885,
    0.6751014590263367,
    0.7166802287101746,
    0.743628203868866,
    0.7690015435218811,
    0.7902970910072327,
    0.8028335571289062,
    0.8081731200218201,
    0.8244020342826843,
    0.8381619453430176,
    0.855357825756073,
    0.8685984015464783,
    0.8839351534843445,
    0.9073449969291687,
    0.9486281871795654,
    0.9661931991577148,
    0.99187171459198,
    0.999085009098053,
    1.0053151845932007,
    1.0047637224197388,
    1.0044546127319336
  ],
  "corr_per_lead": [
    0.880616803162742,
    0.8305635251610815,
    0.7683474955088124,
    0.7043110578996161,
    0.6491400312051451,
    0.5979864478193173,
    0.5500039572936367,
    0.5029616771917703,
    0.4696444023740608,
    0.4422465241452289,
    0.4188176826620865,
    0.39122206569262813,
    0.36319995999989196,
    0.3405434851216236,
    0.3280559248234453,
    0.3079234867622993,
    0.2885791171916368,
    0.2591283455261039,
    0.235027254091343,
    0.2221327314149783,
    0.20805968853186227,
    0.19370178337768637,
    0.17712367323740466,
    0.17099890065188608
  ],
  "loss": 0.6790148105393065,
  "best_metric_name": "val_loss",
  "best_metric_mode": "min",
  "best_metric_value": 0.6790148105393065,
  "epoch": 4
}