{
  "mean_rmse": 0.7776896357536316,
  "mean_corr": 0.36695615269605736,
  "rmse_per_lead": [
    0.40094026923179626,
    0.4879377484321594,
    0.573854386806488,
    0.6442349553108215,
    0.6932636499404907,
    0.7307758331298828,
    0.7615295052528381,
    0.7847514748573303,
    0.803850531578064,
    0.8194131851196289,
    0.8282390236854553,
    0.838117778301239,
    0.8484638333320618,
    0.8547186255455017,
    0.8584006428718567,
    0.8572337031364441,
    0.8556603193283081,
    0.8514586091041565,
    0.8561208844184875,
    0.8549345135688782,
    0.8569389581680298,
    0.8619801998138428,
    0.8678203225135803,
    0.8739125728607178
  ],
  "corr_per_lead": [
    0.895693288598493,
    0.8250277636670634,
    0.738981837730429,
    0.6532166493149111,
    0.5834926151674447,
    0.5280134645488201,
    0.4768837597770089,
    0.4257330326084373,
    0.37825683201614474,
    0.3485235741453018,
    0.31961561630522445,
    0.2888069776751366,
    0.2514176914461258,
    0.22560882786206962,
    0.2096596718971301,
    0.212931197945525,
    0.215423400385618,
    0.22144922263195593,
    0.20948319355966735,
    0.20891173315837377,
    0.19145264040920748,
    0.16775960544140484,
    0.13016110859824018,
    0.10044395981564334
  ],
  "loss": 0.6132551422144504,
  "best_metric_name": "val_loss",
  "best_metric_mode": "min",
  "best_metric_value": 0.6132551422144504,
  "epoch": 4
}