{
  "mean_rmse": 0.7784252166748047,
  "mean_corr": 0.41069849983541323,
  "rmse_per_lead": [
    0.4341534674167633,
    0.4905276894569397,
    0.5662997364997864,
    0.6209787726402283,
    0.6665366291999817,
    0.6988531351089478,
    0.7237604856491089,
    0.7480542063713074,
    0.7701184749603271,
    0.7806323766708374,
    0.7938193678855896,
    0.8087695240974426,
    0.8289005756378174,
    0.851008951663971,
    0.8615462779998779,
    0.8713828325271606,
    0.8799150586128235,
    0.8892496824264526,
    0.8932862877845764,
    0.8930860757827759,
    0.8953793048858643,
    0.9039022922515869,
    0.9068004488945007,
    0.9052432179450989
  ],
  "corr_per_lead": [
    0.8903110856077618,
    0.8386307672684034,
    0.7709418640784056,
    0.7051632621393349,
    0.6484311562253963,
    0.6031578159179987,
    0.5605606788568422,
    0.5142808833915623,
    0.4703965692924442,
    0.43933776119052353,
    0.4069968305233893,
    0.36451310010980026,
    0.3257591743486062,
    0.29516338286359406,
    0.2762356572513316,
    0.2594597653255253,
    0.2529463374390216,
    0.2388511593838658,
    0.22597721788738626,
    0.2124327861781855,
    0.18719417159822446,
    0.15691424827628178,
    0.11803632346444642,
    0.09507199743158648
  ],
  "loss": 0.615752710306898,
  "best_metric_name": "val_loss",
  "best_metric_mode": "min",
  "best_metric_value": 0.615752710306898,
  "epoch": 4
}