{
  "mean_rmse": 0.8544001579284668,
  "mean_corr": 0.3719080174159452,
  "rmse_per_lead": [
    0.4276304543018341,
    0.5079087018966675,
    0.5885012745857239,
    0.6528691649436951,
    0.7163415551185608,
    0.7552758455276489,
    0.7952802181243896,
    0.8357828259468079,
    0.8713460564613342,
    0.8952540755271912,
    0.9138685464859009,
    0.933886706829071,
    0.9499123692512512,
    0.9693881869316101,
    0.9794443249702454,
    0.9863976240158081,
    0.9825870394706726,
    0.9726086854934692,
    0.9689673185348511,
    0.9639873504638672,
    0.969539225101471,
    0.9551141262054443,
    0.9582043290138245,
    0.9555076360702515
  ],
  "corr_per_lead": [
    0.9043305434757404,
    0.8540180341951263,
    0.7846444967324082,
    0.7074987464126151,
    0.6363237647483571,
    0.5642293409557089,
    0.4956227313478783,
    0.4282738029460445,
    0.37107046709585406,
    0.33193722482278243,
    0.3041196204839782,
    0.2743310630117446,
    0.25053680157057506,
    0.22620099058677057,
    0.2136910739746965,
    0.20111766310335102,
    0.19484230831006435,
    0.1884634708139515,
    0.18584412883386087,
    0.18182178981712802,
    0.1762581956458883,
    0.1648442751161633,
    0.1504663600564331,
    0.13530552392556505
  ],
  "loss": 0.7453800693471381,
  "best_metric_name": "val_loss",
  "best_metric_mode": "min",
  "best_metric_value": 0.7453800693471381,
  "epoch": 1
}