{
  "mean_rmse": 0.7779820561408997,
  "mean_corr": 0.3531170299249749,
  "rmse_per_lead": [
    0.3665337562561035,
    0.4480895400047302,
    0.5456807613372803,
    0.6250551342964172,
    0.6871447563171387,
    0.7368531823158264,
    0.7804751396179199,
    0.8135130405426025,
    0.8343625068664551,
    0.8453353047370911,
    0.8519509434700012,
    0.8506944179534912,
    0.8563136458396912,
    0.8631683588027954,
    0.8621029257774353,
    0.8560119271278381,
    0.8537110090255737,
    0.8538311719894409,
    0.8537957668304443,
    0.8536708950996399,
    0.8518344759941101,
    0.8571618795394897,
    0.8599855303764343,
    0.864295244216919
  ],
  "corr_per_lead": [
    0.9107271779040622,
    0.856624427991627,
    0.7766847505534559,
    0.6842467164752487,
    0.6016169587333627,
    0.5214855035447709,
    0.4429106424268658,
    0.36709850945212913,
    0.3157219221222595,
    0.27557857561525173,
    0.25393674555713647,
    0.2369366840309218,
    0.21184263300808687,
    0.19842406247959118,
    0.19938762075881603,
    0.2015833615547377,
    0.18988801860791601,
    0.20213137363141342,
    0.20508426344748165,
    0.20181993365313564,
    0.19473397238718568,
    0.1680748371012811,
    0.14397602186519343,
    0.11429400529746732
  ],
  "loss": 0.6179277180357182,
  "best_metric_name": "val_loss",
  "best_metric_mode": "min",
  "best_metric_value": 0.6179277180357182,
  "epoch": 1
}