{
  "mean_rmse": 0.7999725341796875,
  "mean_corr": 0.3907938768878612,
  "rmse_per_lead": [
    0.41439294815063477,
    0.5108803510665894,
    0.596470832824707,
    0.6582802534103394,
    0.7039740085601807,
    0.7304823398590088,
    0.7527737617492676,
    0.7756912708282471,
    0.7987374067306519,
    0.8189336061477661,
    0.838747501373291,
    0.8618232011795044,
    0.8769147396087646,
    0.892277717590332,
    0.8959314823150635,
    0.8976228833198547,
    0.899722695350647,
    0.9030576944351196,
    0.896287202835083,
    0.8937550187110901,
    0.8912541270256042,
    0.8938910961151123,
    0.898993194103241,
    0.8984434008598328
  ],
  "corr_per_lead": [
    0.8804408864310375,
    0.8148298592420686,
    0.7397458911202834,
    0.6691888479314468,
    0.6104883905290582,
    0.5625121932093836,
    0.5177546264862116,
    0.4719175350394249,
    0.42598555692823836,
    0.3838066075770038,
    0.3525769220900431,
    0.31917128979073134,
    0.29361603306770173,
    0.274248172373203,
    0.26823031998649316,
    0.25877380910432635,
    0.246759344591173,
    0.2341340193156107,
    0.22313532422474316,
    0.21044063424400647,
    0.1982835788701146,
    0.16981707584102493,
    0.13746552057187583,
    0.11573060674346465
  ],
  "loss": 0.6515109149065423,
  "best_metric_name": "val_loss",
  "best_metric_mode": "min",
  "best_metric_value": 0.6515109149065423,
  "epoch": 6
}