{
  "mean_rmse": 0.8024628162384033,
  "mean_corr": 0.3227172878718118,
  "rmse_per_lead": [
    0.41981688141822815,
    0.4967934489250183,
    0.5901776552200317,
    0.6710560917854309,
    0.7271842956542969,
    0.7727161645889282,
    0.810881495475769,
    0.8383947014808655,
    0.8553515076637268,
    0.8630996346473694,
    0.8663985133171082,
    0.8661131262779236,
    0.8643614053726196,
    0.8633822202682495,
    0.8643616437911987,
    0.8750537633895874,
    0.8617141246795654,
    0.8718830347061157,
    0.8773801326751709,
    0.8781797885894775,
    0.875930666923523,
    0.8768835067749023,
    0.8835629820823669,
    0.8884311318397522
  ],
  "corr_per_lead": [
    0.9004816318521571,
    0.8285939075526052,
    0.7310047457997251,
    0.632138056061889,
    0.5385842863576147,
    0.4668921358703897,
    0.3973081376678378,
    0.3332550265456908,
    0.2870495736517212,
    0.2569666263701669,
    0.25081947464056614,
    0.23506743639049316,
    0.21078252515800144,
    0.19932522959685173,
    0.2011891618386469,
    0.18102692348278523,
    0.1918470985775611,
    0.1742739567553195,
    0.15749343343305597,
    0.14653090276001415,
    0.1310444335936213,
    0.12110426622830729,
    0.0856684363666767,
    0.08676750237178468
  ],
  "loss": 0.6514611906827764,
  "best_metric_name": "val_loss",
  "best_metric_mode": "min",
  "best_metric_value": 0.6514611906827764,
  "epoch": 1
}