{
  "mean_rmse": 0.7887237668037415,
  "mean_corr": 0.33398629216062165,
  "rmse_per_lead": [
    0.4459604322910309,
    0.5106642842292786,
    0.5827683210372925,
    0.6585012078285217,
    0.7118217349052429,
    0.7481110692024231,
    0.7784180045127869,
    0.8063955307006836,
    0.8263516426086426,
    0.8362144231796265,
    0.8409136533737183,
    0.8433277010917664,
    0.849029004573822,
    0.849626362323761,
    0.8515627384185791,
    0.856654167175293,
    0.8557249903678894,
    0.8638119101524353,
    0.8679276704788208,
    0.8642807602882385,
    0.8648842573165894,
    0.8644154071807861,
    0.8712865114212036,
    0.8807187080383301
  ],
  "corr_per_lead": [
    0.8948028366459465,
    0.8300060287840589,
    0.7400954414426175,
    0.6396432950292172,
    0.5478717057625496,
    0.47506748193708526,
    0.40708561465687104,
    0.33907741318462753,
    0.2811853002854068,
    0.2581027379033212,
    0.249253584493107,
    0.23995303234113605,
    0.2139904443268425,
    0.20639840085186162,
    0.1984912152530469,
    0.19164174285973282,
    0.19838038031902855,
    0.19354376867476253,
    0.17406710687128565,
    0.1685927581654881,
    0.17729616370653448,
    0.14808095813572306,
    0.12412241007678343,
    0.11892119014788662
  ],
  "loss": 0.6274282396473783,
  "best_metric_name": "val_loss",
  "best_metric_mode": "min",
  "best_metric_value": 0.6274282396473783,
  "epoch": 1
}