{
  "mean_rmse": 0.8505862355232239,
  "mean_corr": 0.3411490772055615,
  "rmse_per_lead": [
    0.4773883819580078,
    0.5913938283920288,
    0.6553436517715454,
    0.7319930195808411,
    0.7397082448005676,
    0.7678917646408081,
    0.8220366835594177,
    0.8220710754394531,
    0.8589918613433838,
    0.873624324798584,
    0.8870933055877686,
    0.9020204544067383,
    0.9190549254417419,
    0.9362751841545105,
    0.9390884041786194,
    0.9510003924369812,
    0.9618247151374817,
    0.9398600459098816,
    0.9458747506141663,
    0.9540629386901855,
    0.922325611114502,
    0.9467501044273376,
    0.9445801377296448,
    0.9238144159317017
  ],
  "corr_per_lead": [
    0.903136947949679,
    0.8504316255050431,
    0.7684486606356044,
    0.6912872911798486,
    0.6259396539593292,
    0.5586981521369768,
    0.47915502060093196,
    0.401328254215283,
    0.336228571514607,
    0.26880975634235593,
    0.24749369736899252,
    0.20170211578765257,
    0.16751626824202784,
    0.15538856484132546,
    0.157673367063201,
    0.16028205292228093,
    0.15522813838003927,
    0.15268235265493493,
    0.15142660132377397,
    0.17954260063835603,
    0.1577457987453374,
    0.14948193090703926,
    0.1434632974550328,
    0.12448713256382289
  ]
}