{
  "mean_rmse": 0.7584547996520996,
  "mean_corr": 0.43719502311141717,
  "rmse_per_lead": [
    0.3768100440502167,
    0.4684758484363556,
    0.5567089915275574,
    0.620675802230835,
    0.6698908805847168,
    0.7021933197975159,
    0.7319299578666687,
    0.7572529315948486,
    0.7761586308479309,
    0.7886980175971985,
    0.8024736046791077,
    0.8136515617370605,
    0.8274073004722595,
    0.8364337682723999,
    0.8339921236038208,
    0.833044707775116,
    0.8365020751953125,
    0.8376780152320862,
    0.8408293724060059,
    0.8439356088638306,
    0.8529025912284851,
    0.8576958775520325,
    0.8678006529808044,
    0.8697722554206848
  ],
  "corr_per_lead": [
    0.907719237864863,
    0.8450797281156034,
    0.7694495812309299,
    0.7011094582655351,
    0.6406780182075155,
    0.5859024407815413,
    0.533816351362705,
    0.48731775898007157,
    0.4465083918095859,
    0.4176773420471145,
    0.3951973257650316,
    0.3767649311106381,
    0.3551981945193874,
    0.3418128737630415,
    0.3388970096581316,
    0.3394510877381958,
    0.32979811239699663,
    0.31799794964028844,
    0.30066375061825323,
    0.280712022287086,
    0.25168060500210965,
    0.21790426278499722,
    0.17387324421671846,
    0.13747087650767054
  ],
  "loss": 0.5922711967153752,
  "best_metric_name": "val_loss",
  "best_metric_mode": "min",
  "best_metric_value": 0.5922711967153752,
  "epoch": 6
}