{
  "mean_rmse": 0.7737223505973816,
  "mean_corr": 0.4384325512086081,
  "rmse_per_lead": [
    0.3905082941055298,
    0.4795152246952057,
    0.5656272768974304,
    0.6336456537246704,
    0.677794873714447,
    0.7095344662666321,
    0.7369258403778076,
    0.7573971152305603,
    0.7780555486679077,
    0.7877050042152405,
    0.8012692928314209,
    0.8154452443122864,
    0.8332774639129639,
    0.8510954976081848,
    0.8586477637290955,
    0.8687737584114075,
    0.8713430762290955,
    0.8717036247253418,
    0.8748496770858765,
    0.878118634223938,
    0.8750047087669373,
    0.8778371214866638,
    0.8848631381988525,
    0.8903974890708923
  ],
  "corr_per_lead": [
    0.8963803152694845,
    0.8392735601857595,
    0.766748528672962,
    0.6979659954620704,
    0.6420574355064015,
    0.5968115061316143,
    0.5559946890037626,
    0.5207524480927257,
    0.48118184229428745,
    0.4528858024606487,
    0.42225178186823387,
    0.3915095927735457,
    0.3539968028773483,
    0.3215867807885135,
    0.3041859995329634,
    0.291942215545455,
    0.2849085351865456,
    0.279410253155851,
    0.2760323471865892,
    0.26473497884852004,
    0.2546296217725514,
    0.23242514990193378,
    0.21054611074967292,
    0.18416893573915322
  ],
  "loss": 0.6122277813388947,
  "best_metric_name": "val_loss",
  "best_metric_mode": "min",
  "best_metric_value": 0.6122277813388947,
  "epoch": 5
}