{
  "mean_rmse": 0.8410026431083679,
  "mean_corr": 0.3347713526949592,
  "rmse_per_lead": [
    0.5142778754234314,
    0.5641258358955383,
    0.6172886490821838,
    0.6631160974502563,
    0.7018586993217468,
    0.720349133014679,
    0.7641972303390503,
    0.7916967272758484,
    0.8218929767608643,
    0.8628727197647095,
    0.8789144158363342,
    0.9091748595237732,
    0.934228241443634,
    0.9392238855361938,
    0.9641962051391602,
    0.9604644775390625,
    0.957494854927063,
    0.9632841348648071,
    0.9623543620109558,
    0.9515944719314575,
    0.9588574171066284,
    0.9321648478507996,
    0.9203886389732361,
    0.9300469160079956
  ],
  "corr_per_lead": [
    0.8937617363251625,
    0.8435608102346394,
    0.7760781424769859,
    0.7045815929456148,
    0.6345169580075155,
    0.5650797632367434,
    0.47519252780446847,
    0.39970071234474663,
    0.3263160892090446,
    0.2661596202154682,
    0.21812581454067487,
    0.20632672780495667,
    0.16370423092973305,
    0.154063764154253,
    0.1486935635225706,
    0.15707410980929126,
    0.16224007623870512,
    0.14408010022858747,
    0.13931232482413392,
    0.14213006107389659,
    0.13921782503247465,
    0.13077048836835764,
    0.12677275968537952,
    0.11705266566561787
  ]
}