{
  "mean_rmse": 0.8276205062866211,
  "mean_corr": 0.387381237183205,
  "rmse_per_lead": [
    0.43671897053718567,
    0.49166184663772583,
    0.5544784069061279,
    0.6095439791679382,
    0.6595574617385864,
    0.7085695266723633,
    0.7573017477989197,
    0.8038709163665771,
    0.8421750068664551,
    0.8747797608375549,
    0.9024558663368225,
    0.9279298782348633,
    0.947500467300415,
    0.9625183343887329,
    0.9720688462257385,
    0.9722405672073364,
    0.9668952822685242,
    0.9597527384757996,
    0.9501565098762512,
    0.9363573789596558,
    0.9235653877258301,
    0.9101183414459229,
    0.9007896184921265,
    0.891884982585907
  ],
  "corr_per_lead": [
    0.8738377825182352,
    0.8323179047664894,
    0.7773935365572086,
    0.7209632281911408,
    0.6641822369526722,
    0.6030906162243115,
    0.5344002032517796,
    0.4661848882525727,
    0.40522283351046956,
    0.3550008982567116,
    0.3149702310733585,
    0.27843516479958497,
    0.24966582851465513,
    0.22892053839144855,
    0.2163277847763074,
    0.210470065974383,
    0.20812730359181997,
    0.20671797460200653,
    0.20487132172000663,
    0.20327013058184953,
    0.20016996333054773,
    0.19317162387009296,
    0.18045032302989222,
    0.1689873096593752
  ],
  "loss": 0.7017597429295803,
  "best_metric_name": "val_loss",
  "best_metric_mode": "min",
  "best_metric_value": 0.7017597429295803,
  "epoch": 6
}