{
  "mean_rmse": 0.7970185279846191,
  "mean_corr": 0.3724102188887066,
  "rmse_per_lead": [
    0.45927566289901733,
    0.5326575636863708,
    0.6102508902549744,
    0.6693655252456665,
    0.7034741044044495,
    0.7384965419769287,
    0.7547057867050171,
    0.775767982006073,
    0.7927340865135193,
    0.805700957775116,
    0.8148654699325562,
    0.8319205045700073,
    0.8500482439994812,
    0.8670716285705566,
    0.8736041784286499,
    0.880513608455658,
    0.8876991868019104,
    0.890815794467926,
    0.896575927734375,
    0.892743706703186,
    0.8935268521308899,
    0.9015966057777405,
    0.9033416509628296,
    0.9016937017440796
  ],
  "corr_per_lead": [
    0.8803476001874082,
    0.8152538388008601,
    0.7375251534170582,
    0.6624454311780248,
    0.6046022952183978,
    0.5463262202641603,
    0.5055048861214201,
    0.45800806674403427,
    0.4084237862120239,
    0.36976825639568417,
    0.3434890986088326,
    0.2878710117810683,
    0.24794485920217418,
    0.2242659092211224,
    0.22009976435241166,
    0.21985802808680105,
    0.21357787287559454,
    0.2075811520518437,
    0.20194599757377674,
    0.19747838611293503,
    0.18306170152351567,
    0.15856447858044206,
    0.1323284615712755,
    0.11157299724809518
  ],
  "loss": 0.6444882566624499,
  "best_metric_name": "val_loss",
  "best_metric_mode": "min",
  "best_metric_value": 0.6444882566624499,
  "epoch": 5
}