{
  "mean_rmse": 0.9000045657157898,
  "mean_corr": 0.36306164477187824,
  "rmse_per_lead": [
    0.4543904960155487,
    0.5585888028144836,
    0.6471394896507263,
    0.72926265001297,
    0.7763649821281433,
    0.8117049336433411,
    0.8453596830368042,
    0.8878160715103149,
    0.9026928544044495,
    0.9114567041397095,
    0.9419685006141663,
    0.9593713879585266,
    0.9722167253494263,
    0.9829384684562683,
    0.9843062162399292,
    0.999252200126648,
    1.0210918188095093,
    1.0259134769439697,
    1.0277092456817627,
    1.0095094442367554,
    1.0346297025680542,
    1.0353326797485352,
    1.0350430011749268,
    1.0460498332977295
  ],
  "corr_per_lead": [
    0.881483943382102,
    0.8201535588891041,
    0.7387434366881271,
    0.6635947543802477,
    0.5874739688675521,
    0.5249474000483213,
    0.4705949301795024,
    0.4138337436803398,
    0.3771500517560618,
    0.35022142362447617,
    0.31887698222819927,
    0.30730659154325385,
    0.28741805305760215,
    0.2626344120492363,
    0.23588835778598174,
    0.21887537759011333,
    0.21290066343825303,
    0.19309609585557497,
    0.18576299551278402,
    0.17659897590861906,
    0.14883456741687678,
    0.13016509823479142,
    0.10965299409987687,
    0.09727109830808138
  ],
  "loss": 0.8242373444298481,
  "best_metric_name": "val_loss",
  "best_metric_mode": "min",
  "best_metric_value": 0.8242373444298481,
  "epoch": 1
}