{
  "mean_rmse": 0.7843639254570007,
  "mean_corr": 0.3936084701004548,
  "rmse_per_lead": [
    0.3754013180732727,
    0.47806617617607117,
    0.5756829380989075,
    0.6583334803581238,
    0.7072189450263977,
    0.7424898147583008,
    0.7674173712730408,
    0.7875468134880066,
    0.8064441084861755,
    0.8107473850250244,
    0.8093745112419128,
    0.8127959370613098,
    0.8225142359733582,
    0.8304967284202576,
    0.8400511145591736,
    0.8492403626441956,
    0.8648827075958252,
    0.8827722072601318,
    0.8907461166381836,
    0.8945903182029724,
    0.896934986114502,
    0.9041416645050049,
    0.9064325094223022,
    0.9104108214378357
  ],
  "corr_per_lead": [
    0.9011774125718189,
    0.8343764794442515,
    0.7543607587136686,
    0.6736726278374715,
    0.6125684794024214,
    0.5636018705874293,
    0.5159923569817026,
    0.47041112685856656,
    0.427237245401289,
    0.39805148389247536,
    0.3780850846048771,
    0.35650288013489967,
    0.32515708614308825,
    0.3017715525036748,
    0.2841437328317879,
    0.26859528398563093,
    0.2506650240031477,
    0.22541709879796878,
    0.20756151350133817,
    0.19268705994168833,
    0.17146041767595807,
    0.14050791943930976,
    0.10908656670204656,
    0.08351222045440371
  ],
  "loss": 0.6262781230059076,
  "best_metric_name": "val_loss",
  "best_metric_mode": "min",
  "best_metric_value": 0.6262781230059076,
  "epoch": 4
}