{
  "mean_rmse": 0.7919052243232727,
  "mean_corr": 0.3261870013040144,
  "rmse_per_lead": [
    0.48615556955337524,
    0.5393617153167725,
    0.5914584994316101,
    0.646842896938324,
    0.692905068397522,
    0.7351793646812439,
    0.7706251740455627,
    0.8037077188491821,
    0.8212522864341736,
    0.834416389465332,
    0.8421050906181335,
    0.8459399938583374,
    0.8535454869270325,
    0.856169581413269,
    0.8664513826370239,
    0.8725060820579529,
    0.8720076084136963,
    0.8677446842193604,
    0.8716794848442078,
    0.8703531622886658,
    0.8684207797050476,
    0.8636335730552673,
    0.869150698184967,
    0.8641128540039062
  ],
  "corr_per_lead": [
    0.8414229677139207,
    0.7893117369024388,
    0.7240425244044758,
    0.6492903875521511,
    0.5814119552342456,
    0.5093266912310671,
    0.4391784333400746,
    0.3704970698913038,
    0.32130852100748275,
    0.2949032548281248,
    0.27232660312588575,
    0.24926817244733784,
    0.23266476996791152,
    0.21539885962547314,
    0.18675472892014175,
    0.16561619716232046,
    0.15819627141097728,
    0.15736843371140471,
    0.13472218699775676,
    0.12088538377331007,
    0.11776510148535745,
    0.1220167886038875,
    0.09098060097981528,
    0.08383039097948049
  ],
  "loss": 0.6326095298566716,
  "best_metric_name": "val_loss",
  "best_metric_mode": "min",
  "best_metric_value": 0.6326095298566716,
  "epoch": 1
}