{
  "mean_rmse": 0.7833704948425293,
  "mean_corr": 0.3871128410762285,
  "rmse_per_lead": [
    0.38748109340667725,
    0.47101131081581116,
    0.5615324378013611,
    0.6340481638908386,
    0.6850588321685791,
    0.7284889221191406,
    0.76227205991745,
    0.7941359281539917,
    0.8144243359565735,
    0.8283723592758179,
    0.8329964280128479,
    0.8360946774482727,
    0.8486585021018982,
    0.8516117930412292,
    0.8656312823295593,
    0.8604776263237,
    0.8682413697242737,
    0.8733489513397217,
    0.874875545501709,
    0.8759398460388184,
    0.8726993799209595,
    0.8821495175361633,
    0.893548309803009,
    0.8977941274642944
  ],
  "corr_per_lead": [
    0.8903745669898353,
    0.8341250671328836,
    0.7582752316205574,
    0.6822224607226327,
    0.6159165836816273,
    0.5567385316968694,
    0.4971450652077415,
    0.4369601668490395,
    0.38329514117706065,
    0.34852090164612237,
    0.3252157684955779,
    0.2976508944373401,
    0.26624693132119787,
    0.2515687078552849,
    0.22965421160252253,
    0.22076322045401642,
    0.2191865155775863,
    0.22432388884063337,
    0.2275048001816551,
    0.23958861068885068,
    0.22452684144604443,
    0.2103197452024204,
    0.18735361776840823,
    0.16323071523357632
  ],
  "loss": 0.6276204956972853,
  "best_metric_name": "val_loss",
  "best_metric_mode": "min",
  "best_metric_value": 0.6276204956972853,
  "epoch": 2
}