{
  "mean_rmse": 0.8424105644226074,
  "mean_corr": 0.3379783385805639,
  "rmse_per_lead": [
    0.4762422442436218,
    0.5312871932983398,
    0.6014103889465332,
    0.6612304449081421,
    0.7027261257171631,
    0.7371283769607544,
    0.7778725028038025,
    0.8304168581962585,
    0.8562209606170654,
    0.8594600558280945,
    0.9085283875465393,
    0.9152927398681641,
    0.9557598829269409,
    0.9370511770248413,
    0.9488219022750854,
    0.9682355523109436,
    0.9808418154716492,
    0.960358738899231,
    0.9607459902763367,
    0.9441128969192505,
    0.9400479197502136,
    0.919217050075531,
    0.9255274534225464,
    0.9193152189254761
  ],
  "corr_per_lead": [
    0.8964819853577117,
    0.839521098657008,
    0.7667732834419786,
    0.6972354014138266,
    0.625507001140448,
    0.5606812622482358,
    0.47991273053364414,
    0.3982161347540408,
    0.345477974616724,
    0.29910140581696315,
    0.2650296262935205,
    0.24679773072051125,
    0.18963223509306604,
    0.18380560779561575,
    0.1611007564576942,
    0.1511263204728642,
    0.15078525330509343,
    0.13180965166826542,
    0.133069579970495,
    0.11648759918117912,
    0.12576316733981976,
    0.12939475851373552,
    0.11467236000517508,
    0.10309720113591903
  ]
}