{
  "mean_rmse": 0.8227254748344421,
  "mean_corr": 0.33642018166227466,
  "rmse_per_lead": [
    0.41617435216903687,
    0.48927223682403564,
    0.5541568398475647,
    0.6123660802841187,
    0.6568750143051147,
    0.707407534122467,
    0.7521271705627441,
    0.7971555590629578,
    0.8303134441375732,
    0.8557472229003906,
    0.8900315761566162,
    0.9152374863624573,
    0.9447914361953735,
    0.9623267650604248,
    0.9593216776847839,
    0.9620178937911987,
    0.9360681772232056,
    0.92832350730896,
    0.9501090049743652,
    0.9236613512039185,
    0.9474860429763794,
    0.9225295186042786,
    0.916231095790863,
    0.9156810641288757
  ],
  "corr_per_lead": [
    0.9094728396012195,
    0.8553942357825152,
    0.7846560941907016,
    0.7071173772159668,
    0.6381228499292726,
    0.5530810820128385,
    0.469120581340678,
    0.3975487890427838,
    0.3205211841308603,
    0.27748250696513294,
    0.2200566843554441,
    0.2098044964120707,
    0.1690893850741791,
    0.17388323919313575,
    0.1615061405317619,
    0.15752770138851474,
    0.16352800428061057,
    0.14436008424084543,
    0.13702516442343904,
    0.13843967993379397,
    0.1293308361832868,
    0.12986286989921975,
    0.12083389719406354,
    0.10631863657225694
  ]
}