{
  "mean_rmse": 0.8087275624275208,
  "mean_corr": 0.34523007018320984,
  "rmse_per_lead": [
    0.39476627111434937,
    0.4732542932033539,
    0.5713292360305786,
    0.6544261574745178,
    0.7152332663536072,
    0.7547881603240967,
    0.7842131853103638,
    0.8231202363967896,
    0.8388888835906982,
    0.8492906093597412,
    0.8561922907829285,
    0.8643603324890137,
    0.8779327869415283,
    0.8920251131057739,
    0.8965639472007751,
    0.9017542600631714,
    0.9046211838722229,
    0.9087076783180237,
    0.9112346768379211,
    0.90828537940979,
    0.9017723798751831,
    0.9039478302001953,
    0.9073449969291687,
    0.915408194065094
  ],
  "corr_per_lead": [
    0.9113229687639799,
    0.8535366552549085,
    0.7669550106546014,
    0.6770725336802934,
    0.600009223957065,
    0.532831172333058,
    0.4729774932224454,
    0.4003706627553456,
    0.3379619299746805,
    0.29047472080348274,
    0.25638830716943045,
    0.22489500198838558,
    0.19237234478218468,
    0.17578873769940934,
    0.17166773622076706,
    0.1709361701165778,
    0.17797485808162544,
    0.17438681395607392,
    0.16735107931050022,
    0.17032453763769106,
    0.16383511401834214,
    0.1533479180935373,
    0.13633346804271354,
    0.10640722587993892
  ],
  "loss": 0.6671185753446944,
  "best_metric_name": "val_loss",
  "best_metric_mode": "min",
  "best_metric_value": 0.6671185753446944,
  "epoch": 3
}