{
  "mean_rmse": 0.7986109852790833,
  "mean_corr": 0.3709375690231241,
  "rmse_per_lead": [
    0.3704542815685272,
    0.45402970910072327,
    0.5468388795852661,
    0.616378664970398,
    0.671225905418396,
    0.7168965935707092,
    0.7562661170959473,
    0.7877780795097351,
    0.8181585669517517,
    0.8406200408935547,
    0.8618477582931519,
    0.8734424114227295,
    0.8845953941345215,
    0.8964548110961914,
    0.9045127630233765,
    0.9058421850204468,
    0.9089136123657227,
    0.9077884554862976,
    0.9100638628005981,
    0.9064362645149231,
    0.9066987633705139,
    0.9076360464096069,
    0.9097849726676941,
    0.9039999842643738
  ],
  "corr_per_lead": [
    0.9090289906183449,
    0.8530398948512635,
    0.7770619468526354,
    0.7013208849110485,
    0.6361409418995974,
    0.5690919844358386,
    0.5058612274734293,
    0.4407026911102799,
    0.38421754030088406,
    0.33485051512803543,
    0.29771711995651384,
    0.26767222236362576,
    0.2423452617467237,
    0.22303361993823634,
    0.20956882416332245,
    0.19887261132143416,
    0.19559433654548902,
    0.1877951879894671,
    0.18080703157414593,
    0.17547384487530024,
    0.17118462962064376,
    0.1595438616560116,
    0.1492247810393576,
    0.13235170618335013
  ],
  "loss": 0.6546339852378723,
  "best_metric_name": "val_loss",
  "best_metric_mode": "min",
  "best_metric_value": 0.6546339852378723,
  "epoch": 4
}