{
  "mean_rmse": 0.7762117385864258,
  "mean_corr": 0.40379304395945365,
  "rmse_per_lead": [
    0.4150795340538025,
    0.4907008707523346,
    0.570712685585022,
    0.6399390697479248,
    0.6868332028388977,
    0.7182883024215698,
    0.7421705722808838,
    0.7622941732406616,
    0.7806180119514465,
    0.8010419011116028,
    0.8134576678276062,
    0.8264662027359009,
    0.8403580784797668,
    0.8556954860687256,
    0.8614221811294556,
    0.8604652285575867,
    0.8652373552322388,
    0.8623889088630676,
    0.8645091652870178,
    0.8673115372657776,
    0.8666008114814758,
    0.8787996172904968,
    0.8774822950363159,
    0.8812069296836853
  ],
  "corr_per_lead": [
    0.8876282638697339,
    0.8405441047652529,
    0.7731801148227399,
    0.700590698724,
    0.6404286440141547,
    0.5939662312116069,
    0.5515526358790052,
    0.5061552746740461,
    0.46526221766567033,
    0.42283785502653115,
    0.3828905807080249,
    0.34439705621602273,
    0.3065820900603252,
    0.2767892779990777,
    0.2500716181656057,
    0.24237723192639551,
    0.22797616993014316,
    0.22068471553505217,
    0.21022638788728015,
    0.20709563677606346,
    0.1948616081700308,
    0.16863466395664747,
    0.14958880097010133,
    0.12671117607337518
  ],
  "loss": 0.6118891128200166,
  "best_metric_name": "val_loss",
  "best_metric_mode": "min",
  "best_metric_value": 0.6118891128200166,
  "epoch": 3
}