{
  "mean_rmse": 0.7941606640815735,
  "mean_corr": 0.38709834199279985,
  "rmse_per_lead": [
    0.40549230575561523,
    0.47894948720932007,
    0.5563018918037415,
    0.6179088354110718,
    0.6630828380584717,
    0.7065872550010681,
    0.7460208535194397,
    0.7861809730529785,
    0.820158064365387,
    0.844733715057373,
    0.8585156202316284,
    0.8736026287078857,
    0.8867098093032837,
    0.8911336064338684,
    0.8949717879295349,
    0.8960911631584167,
    0.8991482257843018,
    0.8943992257118225,
    0.8963765501976013,
    0.8897896409034729,
    0.8884096145629883,
    0.8871411085128784,
    0.8891819715499878,
    0.8889674544334412
  ],
  "corr_per_lead": [
    0.8855774097585092,
    0.8342990197870435,
    0.7676639033029835,
    0.7042940102567441,
    0.6455839086497922,
    0.5879814843776083,
    0.5277858379408651,
    0.4678261832409847,
    0.4110971065311793,
    0.36319341333125105,
    0.32806514938591036,
    0.2942490467799315,
    0.26102290346098617,
    0.24051029279951597,
    0.2287235399565801,
    0.22726040620752397,
    0.22014485579991,
    0.21896836759075006,
    0.21220861401606264,
    0.20458864787447048,
    0.19730434199940813,
    0.17432455624075813,
    0.15519795274513828,
    0.1324892557932912
  ],
  "loss": 0.6449251710734469,
  "best_metric_name": "val_loss",
  "best_metric_mode": "min",
  "best_metric_value": 0.6449251710734469,
  "epoch": 6
}