{
  "input_vars": [
    "tos",
    "ohc300",
    "mlotst",
    "sos",
    "uos",
    "vos",
    "uasmax",
    "vas",
    "psl"
  ],
  "mean": [
    -0.007148516830056906,
    -6162259.5,
    0.0194550771266222,
    0.00011138607078464702,
    -8.38824053062126e-06,
    3.6482301766227465e-06,
    3.138795213325496e-12,
    -0.0002678590244613588,
    -0.10552249848842621
  ],
  "std": [
    0.6702806949615479,
    555304832.0,
    27.16122055053711,
    0.27811339497566223,
    0.05668308213353157,
    0.025041727349162102,
    1.9259849786758423,
    1.1828937530517578,
    282.74615478515625
  ],
  "source": "train_only"
}