{
  "mean_rmse": 0.8323894143104553,
  "mean_corr": 0.3344511839729852,
  "rmse_per_lead": [
    0.5651224255561829,
    0.617199182510376,
    0.6629587411880493,
    0.707179605960846,
    0.736890435218811,
    0.7647538781166077,
    0.7818443179130554,
    0.8053133487701416,
    0.8219236731529236,
    0.8329985737800598,
    0.8481559157371521,
    0.8612393140792847,
    0.8753330707550049,
    0.888264536857605,
    0.8983352184295654,
    0.9093730449676514,
    0.9197128415107727,
    0.9212886095046997,
    0.9261502623558044,
    0.9384215474128723,
    0.9316638708114624,
    0.9252183437347412,
    0.9194930195808411,
    0.9185122847557068
  ],
  "corr_per_lead": [
    0.7723323816378975,
    0.7126712679166779,
    0.6484403756102303,
    0.583945879695011,
    0.5278440985549828,
    0.47265317365291204,
    0.42756560667897614,
    0.38733072114267,
    0.3534387978945141,
    0.3282192471211683,
    0.30364787020314676,
    0.2883561927542292,
    0.26913856533410463,
    0.24951031249686345,
    0.2348650348259456,
    0.22076113901371794,
    0.20326552953699575,
    0.19643465335957144,
    0.1822254625669955,
    0.16683629707915498,
    0.1501497558624356,
    0.131538065191781,
    0.11992952392591866,
    0.09572846329574447
  ],
  "loss": 0.6968916156824599,
  "best_metric_name": "val_loss",
  "best_metric_mode": "min",
  "best_metric_value": 0.6968916156824599,
  "epoch": 1
}