{
  "mean_rmse": 0.7923299670219421,
  "mean_corr": 0.38665433856311154,
  "rmse_per_lead": [
    0.39490896463394165,
    0.4835263192653656,
    0.5600060820579529,
    0.6188735365867615,
    0.6657945513725281,
    0.7027208805084229,
    0.7396530508995056,
    0.7682925462722778,
    0.7910056114196777,
    0.8141736388206482,
    0.835145115852356,
    0.8607724905014038,
    0.877669095993042,
    0.8947678804397583,
    0.9081168174743652,
    0.916459321975708,
    0.9173120260238647,
    0.9094378352165222,
    0.9059191346168518,
    0.8987629413604736,
    0.8928264379501343,
    0.8902244567871094,
    0.8853127956390381,
    0.8842366337776184
  ],
  "corr_per_lead": [
    0.8877580248587658,
    0.8264121934752552,
    0.7584235066832241,
    0.6931319271648433,
    0.632070881473411,
    0.5777133626183241,
    0.520412499618115,
    0.4698992376029548,
    0.4285892176583794,
    0.39408373828661525,
    0.36123745815148994,
    0.3310293634000942,
    0.2994100885805469,
    0.27352918118106584,
    0.2520992725147006,
    0.23328005703446275,
    0.21695030722318803,
    0.20166880387202332,
    0.18520682840096322,
    0.17681702813434122,
    0.16332428433261464,
    0.1490192466929273,
    0.13060425881330714,
    0.11703335774306187
  ],
  "loss": 0.6425729137151799,
  "best_metric_name": "val_loss",
  "best_metric_mode": "min",
  "best_metric_value": 0.6425729137151799,
  "epoch": 5
}