{
  "mean_rmse": 0.9056396484375,
  "mean_corr": 0.40167315928288333,
  "rmse_per_lead": [
    0.4420047402381897,
    0.5133545398712158,
    0.5938970446586609,
    0.6660348773002625,
    0.7154458165168762,
    0.7538889646530151,
    0.7902966141700745,
    0.8223792314529419,
    0.8472922444343567,
    0.8604782819747925,
    0.8792505860328674,
    0.9009422659873962,
    0.9172900319099426,
    0.9645964503288269,
    0.9656662940979004,
    1.0148091316223145,
    1.0446139574050903,
    1.0780073404312134,
    1.1044148206710815,
    1.1439694166183472,
    1.1742032766342163,
    1.1593272686004639,
    1.183830976486206,
    1.1993577480316162
  ],
  "corr_per_lead": [
    0.9075152792680933,
    0.8544813260187166,
    0.7872933664510301,
    0.717692773940355,
    0.6521237791505072,
    0.5938046156034069,
    0.5331229632010763,
    0.4678629014414464,
    0.417733560552075,
    0.38242594200705793,
    0.35602725010219605,
    0.3268708159269527,
    0.2965072656547492,
    0.2680979896741782,
    0.25058145807592064,
    0.23529851292005746,
    0.23015498004385396,
    0.21668671534699543,
    0.21811098018056296,
    0.21273796198981945,
    0.20176748145038523,
    0.18889491699281516,
    0.17202445539550104,
    0.15233853140144946
  ],
  "loss": 0.8565680968000534,
  "best_metric_name": "val_loss",
  "best_metric_mode": "min",
  "best_metric_value": 0.8565680968000534,
  "epoch": 2
}