{
  "mean_rmse": 0.8654038310050964,
  "mean_corr": 0.0776796129755656,
  "rmse_per_lead": [
    0.9115080833435059,
    0.8941612243652344,
    0.8780519366264343,
    0.8648741245269775,
    0.8545166850090027,
    0.8471807241439819,
    0.8419042229652405,
    0.83863365650177,
    0.8390547633171082,
    0.8409674763679504,
    0.8446343541145325,
    0.8504628539085388,
    0.8553581237792969,
    0.8617859482765198,
    0.8680330514907837,
    0.8721889853477478,
    0.8754481673240662,
    0.8797308802604675,
    0.8814080953598022,
    0.8799968361854553,
    0.8770418763160706,
    0.8744975328445435,
    0.8723980784416199,
    0.8658550381660461
  ],
  "corr_per_lead": [
    -0.07217575367882709,
    -0.012759308647414,
    0.03916151815154853,
    0.08288838459878316,
    0.11556935754624384,
    0.14065168034448275,
    0.15714842562259657,
    0.1646821752831269,
    0.1659222589711194,
    0.1608360736985656,
    0.15110514528200145,
    0.13734172416007615,
    0.12130706320196057,
    0.10411812757410893,
    0.08635701402757033,
    0.06979572362959287,
    0.05408027681136265,
    0.04028687523068014,
    0.030954226628777157,
    0.025765669331651645,
    0.02310085410844821,
    0.02302121082847736,
    0.025540521544257996,
    0.029611467164383072
  ]
}