{
  "input_vars": [
    "tos",
    "ohc300",
    "mlotst",
    "sos",
    "uos",
    "vos",
    "uas",
    "uasmax",
    "vas",
    "psl"
  ],
  "mean": [
    6.540493840967443e-11,
    -0.00893938448280096,
    -1.499375762437083e-10,
    -4.256895617255063e-12,
    -8.291887142186649e-13,
    -7.05362553305236e-14,
    -7.717447340904737e-12,
    5.4556862499888226e-11,
    -4.936501728225462e-12,
    -4.708666345720758e-09
  ],
  "std": [
    0.6391671895980835,
    535208928.0,
    22.08065414428711,
    0.2819797098636627,
    0.058568596839904785,
    0.024456225335597992,
    1.4353744983673096,
    1.955776333808899,
    1.1456036567687988,
    279.3600769042969
  ],
  "source": "train_only"
}