{
  "mean_rmse": 0.7922203540802002,
  "mean_corr": 0.4069214692129,
  "rmse_per_lead": [
    0.42534512281417847,
    0.49897706508636475,
    0.5726197957992554,
    0.647287905216217,
    0.7027229070663452,
    0.7355844974517822,
    0.75962895154953,
    0.7771390676498413,
    0.7988739609718323,
    0.8162858486175537,
    0.8392102122306824,
    0.853814423084259,
    0.8774939179420471,
    0.8775261640548706,
    0.8737978339195251,
    0.8740989565849304,
    0.8747516870498657,
    0.8734650611877441,
    0.8813120722770691,
    0.8796558380126953,
    0.8849347233772278,
    0.8910948634147644,
    0.8985402584075928,
    0.8991268873214722
  ],
  "corr_per_lead": [
    0.8737451412417468,
    0.8237708928131053,
    0.7559210916926514,
    0.6775567465863447,
    0.6121383147972627,
    0.55798256662269,
    0.5126227745212996,
    0.4744418492383937,
    0.42994741210549764,
    0.3928894298946057,
    0.3570849808276329,
    0.3245653669341231,
    0.2985859692487016,
    0.27775315759729546,
    0.2792063053900901,
    0.2816168318065966,
    0.2757426957751572,
    0.2636414573033606,
    0.2578955156921003,
    0.25168407045404356,
    0.23464453765499146,
    0.21337090366618683,
    0.18072070458099146,
    0.1585865446647328
  ],
  "loss": 0.6375141939584245,
  "best_metric_name": "val_loss",
  "best_metric_mode": "min",
  "best_metric_value": 0.6375141939584245,
  "epoch": 2
}