{
  "mean_rmse": 0.8959770798683167,
  "mean_corr": 0.38496935666413074,
  "rmse_per_lead": [
    0.4153289794921875,
    0.4912165105342865,
    0.5624818801879883,
    0.6253119707107544,
    0.6717121005058289,
    0.7221524119377136,
    0.7712036967277527,
    0.8251464366912842,
    0.8576481938362122,
    0.8894734978675842,
    0.9263166785240173,
    0.9645028710365295,
    0.9828660488128662,
    1.022075891494751,
    1.059860110282898,
    1.0718470811843872,
    1.0859791040420532,
    1.1018463373184204,
    1.1021556854248047,
    1.0980910062789917,
    1.084600806236267,
    1.0658146142959595,
    1.0618528127670288,
    1.043965458869934
  ],
  "corr_per_lead": [
    0.8956634241101,
    0.8444814244632372,
    0.7766912804821525,
    0.7070699010366531,
    0.6456060259753401,
    0.5761186107602374,
    0.5052524520970987,
    0.43350528799603805,
    0.37676969227121826,
    0.34112088525583995,
    0.30867248827460825,
    0.27185151537347263,
    0.24782260384945362,
    0.2317097207440503,
    0.21717580916378318,
    0.21212456113423167,
    0.20154672299026968,
    0.2093037785435161,
    0.2118905734968468,
    0.21327860683060595,
    0.21578458228780018,
    0.20910639918231047,
    0.20048421311528924,
    0.18623400050498468
  ],
  "loss": 0.8394084858133438,
  "best_metric_name": "val_loss",
  "best_metric_mode": "min",
  "best_metric_value": 0.8394084858133438,
  "epoch": 3
}