{
  "mean_rmse": 0.8464687466621399,
  "mean_corr": 0.3756451788486439,
  "rmse_per_lead": [
    0.4534619152545929,
    0.5375384092330933,
    0.6192412376403809,
    0.6864761710166931,
    0.7259632349014282,
    0.7738443613052368,
    0.7963828444480896,
    0.826054036617279,
    0.849494993686676,
    0.8638860583305359,
    0.8898465037345886,
    0.9036238193511963,
    0.9073129296302795,
    0.9330787062644958,
    0.9482809901237488,
    0.9521795511245728,
    0.9610702395439148,
    0.9644361734390259,
    0.9594292044639587,
    0.9549668431282043,
    0.9489208459854126,
    0.955055296421051,
    0.9635564684867859,
    0.9411502480506897
  ],
  "corr_per_lead": [
    0.911538825884644,
    0.855261817333757,
    0.7836816277246388,
    0.7115373845678424,
    0.6450340098172224,
    0.5729126556847481,
    0.5019140713535053,
    0.4345614894713951,
    0.38868439633785157,
    0.338636864715849,
    0.31350359423411034,
    0.28142874097921977,
    0.25413371669213924,
    0.23335545671113447,
    0.22074506631366592,
    0.20192150255557886,
    0.18667710229179416,
    0.19301204838499678,
    0.182962010479407,
    0.18621544293154665,
    0.1830641369169857,
    0.16181910669122834,
    0.14000313170444395,
    0.13288009258974767
  ],
  "loss": 0.7267130518213232,
  "best_metric_name": "val_loss",
  "best_metric_mode": "min",
  "best_metric_value": 0.7267130518213232,
  "epoch": 1
}