{
  "mean_rmse": 0.7981665134429932,
  "mean_corr": 0.3379279881340818,
  "rmse_per_lead": [
    0.645183801651001,
    0.5822660326957703,
    0.5923104882240295,
    0.6505539417266846,
    0.6896241903305054,
    0.7401092052459717,
    0.7471289038658142,
    0.7874481678009033,
    0.7992163300514221,
    0.8372130990028381,
    0.8524771928787231,
    0.8669363260269165,
    0.8839451670646667,
    0.8945714235305786,
    0.888581395149231,
    0.8706774115562439,
    0.8889172077178955,
    0.8929625749588013,
    0.8625401258468628,
    0.8451277613639832,
    0.8568426370620728,
    0.8415101170539856,
    0.8244606256484985,
    0.8153923749923706
  ],
  "corr_per_lead": [
    0.8337253608214505,
    0.8035958045053118,
    0.7353318532153992,
    0.6611781662119932,
    0.6069132315846678,
    0.49697804153442177,
    0.426605836710621,
    0.3668259521050933,
    0.3225055787885391,
    0.2734510343302902,
    0.2392434371374728,
    0.20030485038692872,
    0.15786629159023197,
    0.1859230941099513,
    0.18766721062112054,
    0.18573428168854744,
    0.17930105684252448,
    0.15948589509463024,
    0.1813514482081749,
    0.1867299760005002,
    0.1916930165876647,
    0.18901042526246384,
    0.16902557445925065,
    0.16982429742071414
  ]
}