{
  "mean_rmse": 0.8350322842597961,
  "mean_corr": 0.33008176617212637,
  "rmse_per_lead": [
    0.3807147741317749,
    0.4644085764884949,
    0.5636188983917236,
    0.597994327545166,
    0.6409280896186829,
    0.6942695379257202,
    0.7414093017578125,
    0.7846291661262512,
    0.8052080273628235,
    0.8489770889282227,
    0.8829431533813477,
    0.9098312854766846,
    0.9423809051513672,
    0.957136332988739,
    0.9734839200973511,
    0.9931777715682983,
    0.9750877618789673,
    0.9802472591400146,
    0.9867507815361023,
    0.9852694869041443,
    0.9973219633102417,
    0.9759781360626221,
    0.9906532764434814,
    0.9683548808097839
  ],
  "corr_per_lead": [
    0.9110894371452607,
    0.8533298648056801,
    0.7746989837181215,
    0.7101472350757526,
    0.6438153048639285,
    0.5664552764225567,
    0.48288933830263847,
    0.4070469852172003,
    0.3494239153160965,
    0.28742005142395965,
    0.23940060722073,
    0.21691271626632916,
    0.18189116337916475,
    0.17123907463084398,
    0.15932173769592897,
    0.14309649847485265,
    0.14329550615995354,
    0.11395594372447891,
    0.09952923955905832,
    0.09835951497419373,
    0.09358035770095033,
    0.0958826684417671,
    0.09538095053966789,
    0.08380001707191839
  ]
}