{
  "mean_rmse": 0.8258799910545349,
  "mean_corr": 0.33236745852105526,
  "rmse_per_lead": [
    0.5534286499023438,
    0.6101152896881104,
    0.6159757971763611,
    0.678169310092926,
    0.7077316045761108,
    0.73624187707901,
    0.7603242993354797,
    0.7880110740661621,
    0.8188894987106323,
    0.8453490138053894,
    0.8642193078994751,
    0.8861092925071716,
    0.9054319262504578,
    0.9244569540023804,
    0.9393996596336365,
    0.9258311986923218,
    0.9401013255119324,
    0.9364285469055176,
    0.9151881337165833,
    0.9084096550941467,
    0.9170386791229248,
    0.8926782011985779,
    0.8768317103385925,
    0.8747585415840149
  ],
  "corr_per_lead": [
    0.8860137936402092,
    0.8319631365996525,
    0.7629967194116581,
    0.6885523689430152,
    0.6181022274436654,
    0.5345239944163102,
    0.4555372988910681,
    0.3805025964724485,
    0.31286103483549743,
    0.26480456150308185,
    0.21212360968032926,
    0.19893821319855082,
    0.170627095272214,
    0.1555547187191205,
    0.158019386545012,
    0.16163000126770796,
    0.16087191600519013,
    0.14432795945606183,
    0.15161240369931575,
    0.15884972466648675,
    0.16304125210180992,
    0.14640499961349226,
    0.13365492720896602,
    0.12530506491446256
  ]
}