{
  "mean_rmse": 0.8665698170661926,
  "mean_corr": 0.3529618036534769,
  "rmse_per_lead": [
    0.4078524708747864,
    0.477357417345047,
    0.5643135905265808,
    0.6259404420852661,
    0.6633725762367249,
    0.699231743812561,
    0.7578407526016235,
    0.8012481927871704,
    0.8437122702598572,
    0.8926717638969421,
    0.9312748312950134,
    0.9604862332344055,
    0.9765617847442627,
    0.9838443994522095,
    1.0022608041763306,
    1.0385316610336304,
    1.0263299942016602,
    1.0355238914489746,
    1.0283886194229126,
    1.0069642066955566,
    1.003798246383667,
    1.037756323814392,
    1.024949073791504,
    1.0074660778045654
  ],
  "corr_per_lead": [
    0.9153235997096029,
    0.8603311668398211,
    0.783370781233941,
    0.7037204866339716,
    0.6490283098684099,
    0.5894861649840978,
    0.4826030631470547,
    0.4020472043085639,
    0.309299269823014,
    0.2528671301190362,
    0.234308201767876,
    0.19488257002545106,
    0.19088017529508744,
    0.17941165842678958,
    0.1821167797747345,
    0.1774287487035836,
    0.17236975095736565,
    0.18377037143391817,
    0.16690135776929307,
    0.1827677013855722,
    0.17732219443641484,
    0.17015610963563266,
    0.15997132444190082,
    0.15071916696231236
  ],
  "loss": 0.7809011293896313,
  "best_metric_name": "val_corr",
  "best_metric_mode": "max",
  "best_metric_value": 0.3529618036534769,
  "epoch": 3
}