{
  "mean_rmse": 0.8517786860466003,
  "mean_corr": 0.3858102562152885,
  "rmse_per_lead": [
    0.4611930549144745,
    0.5594545602798462,
    0.6553834676742554,
    0.717684268951416,
    0.7585968971252441,
    0.7897796034812927,
    0.8114343285560608,
    0.8356163501739502,
    0.8478152751922607,
    0.8580856323242188,
    0.8709211349487305,
    0.8957166075706482,
    0.9075843095779419,
    0.924929678440094,
    0.9397475719451904,
    0.9524036049842834,
    0.9466793537139893,
    0.9583607316017151,
    0.9517828226089478,
    0.9699065089225769,
    0.9485940337181091,
    0.9617846012115479,
    0.9571239948272705,
    0.9621104001998901
  ],
  "corr_per_lead": [
    0.9076955344872379,
    0.8466236435530639,
    0.76356089105126,
    0.6844399799930371,
    0.6123138898105094,
    0.5430568301148614,
    0.4856539826846903,
    0.430499008463214,
    0.38389618954323895,
    0.35790092622042485,
    0.3260989760958124,
    0.29734351244731133,
    0.2746450320159276,
    0.2655201547291977,
    0.24828925083764133,
    0.2384201919585126,
    0.23453457428460947,
    0.22300557646236177,
    0.2222795918991483,
    0.20525638184292547,
    0.19951791607601255,
    0.19412463612741182,
    0.16576925383539914,
    0.14900022463311566
  ],
  "loss": 0.73770021441135,
  "best_metric_name": "val_loss",
  "best_metric_mode": "min",
  "best_metric_value": 0.73770021441135,
  "epoch": 1
}