{
  "mean_rmse": 0.8117362856864929,
  "mean_corr": 0.36433092464595057,
  "rmse_per_lead": [
    0.4900672137737274,
    0.5584396719932556,
    0.6222316026687622,
    0.6760106682777405,
    0.7130282521247864,
    0.7429765462875366,
    0.7753828763961792,
    0.8032598495483398,
    0.828429102897644,
    0.8471629619598389,
    0.8629667162895203,
    0.8766694068908691,
    0.8908441066741943,
    0.8998953700065613,
    0.9044674634933472,
    0.9045772552490234,
    0.9023618698120117,
    0.8990565538406372,
    0.8934440016746521,
    0.8862468004226685,
    0.8816415071487427,
    0.8764227032661438,
    0.8741294145584106,
    0.8719591498374939
  ],
  "corr_per_lead": [
    0.8864192548841714,
    0.8291458852045506,
    0.75598286664902,
    0.6864022114394414,
    0.6224582896005271,
    0.557868279978847,
    0.4914490859994714,
    0.4278987106548531,
    0.36941128207574175,
    0.3248618441293465,
    0.2913804503781019,
    0.26133232423867525,
    0.2320795238031975,
    0.21257114381254189,
    0.20041148270337597,
    0.1936466984631888,
    0.18813628221858175,
    0.1845156473470287,
    0.18486996089491237,
    0.1847641026564679,
    0.18008042597998247,
    0.17241419674499767,
    0.15926062459469384,
    0.14658161705109796
  ],
  "loss": 0.6635288139607044,
  "best_metric_name": "val_loss",
  "best_metric_mode": "min",
  "best_metric_value": 0.6635288139607044,
  "epoch": 3
}