{
  "mean_rmse": 0.8391451835632324,
  "mean_corr": 0.38782122514859124,
  "rmse_per_lead": [
    0.4601151645183563,
    0.5420628786087036,
    0.6168360710144043,
    0.670497715473175,
    0.7092049717903137,
    0.7461338043212891,
    0.7877044081687927,
    0.8165401220321655,
    0.8357933759689331,
    0.8547272682189941,
    0.856590747833252,
    0.8774694800376892,
    0.8979668617248535,
    0.916705846786499,
    0.9276858568191528,
    0.9380218386650085,
    0.9527642130851746,
    0.9522669911384583,
    0.9639872312545776,
    0.9598739147186279,
    0.9581996202468872,
    0.9621382355690002,
    0.9650928378105164,
    0.971105694770813
  ],
  "corr_per_lead": [
    0.8612047629125217,
    0.7987448382688258,
    0.7281993993603784,
    0.6656932524801138,
    0.6130707114599002,
    0.5592464648498241,
    0.5020191294128196,
    0.44710731067467496,
    0.40462848071348967,
    0.36638651576782016,
    0.34062981789953684,
    0.3127289784081131,
    0.28025091450690665,
    0.2618901205101131,
    0.24672077319383842,
    0.24305891487757253,
    0.24126770045054058,
    0.23086494051611006,
    0.2308781625219811,
    0.22929602820224937,
    0.21595403342248082,
    0.20062606094794758,
    0.17576658416935517,
    0.15147550803907606
  ],
  "loss": 0.7170963915104561,
  "best_metric_name": "val_loss",
  "best_metric_mode": "min",
  "best_metric_value": 0.7170963915104561,
  "epoch": 5
}