{
  "mean_rmse": 0.9115769267082214,
  "mean_corr": 0.23856372879820412,
  "rmse_per_lead": [
    0.8129950761795044,
    0.886236846446991,
    0.9308480024337769,
    0.9622484445571899,
    0.9660581946372986,
    0.9522327184677124,
    0.9394605159759521,
    0.937298059463501,
    0.9264901280403137,
    0.9259554147720337,
    0.9194832444190979,
    0.9165068864822388,
    0.9053869247436523,
    0.895410418510437,
    0.8815116286277771,
    0.877680242061615,
    0.874168336391449,
    0.8781707882881165,
    0.8872492909431458,
    0.8945433497428894,
    0.9078125357627869,
    0.9216275215148926,
    0.9346504807472229,
    0.9438192248344421
  ],
  "corr_per_lead": [
    0.633659510589699,
    0.5572491412309802,
    0.4648762667227342,
    0.3792467951379991,
    0.3181794890080744,
    0.26790127384545004,
    0.2202162258053338,
    0.19864021878208415,
    0.19172884305857366,
    0.1900655756508117,
    0.18293983211525952,
    0.18643493790507906,
    0.19529690597533703,
    0.20575660366703072,
    0.2196069975188053,
    0.22086559150968396,
    0.21798717040897506,
    0.20297199995873527,
    0.1855104748610103,
    0.15949384615843804,
    0.1302071360135212,
    0.09145971465647386,
    0.062456581996785,
    0.0427783585800237
  ]
}